{
  "depths": [
    2,
    6,
    10,
    16,
    22
  ],
  "n": 6,
  "var": {
    "identity N(0,.05)": [
      0.002767517085222295,
      0.002734244327016145,
      0.00413828384405507,
      0.0049135917688618224,
      0.004762494979991412
    ],
    "small-Gauss N(0,.3)": [
      0.08086852104400866,
      0.06153427126947789,
      0.056872910136218494,
      0.03794099148512313,
      0.024480293330588442
    ],
    "calc_a U[-.4pi,.4pi]": [
      0.15792447195108053,
      0.03132103107345844,
      0.0060585366964857465,
      0.0077616063466487955,
      0.009042729827004882
    ],
    "BP U[-pi,pi]": [
      0.1489226616258219,
      0.015458614621561622,
      0.007351926887018049,
      0.00422738855904176,
      0.006083830871769487
    ]
  },
  "ecos": {
    "identity N(0,.05)": 0.9987507809245809,
    "small-Gauss N(0,.3)": 0.9559974818331,
    "calc_a U[-.4pi,.4pi]": 0.756826728640657,
    "BP U[-pi,pi]": 0.0
  }
}