{
  "identity N(0,.05)": {
    "Ecos": 0.9987507809245809,
    "valid": true,
    "T": 0.0017452325285509504,
    "D": 1.1823249570349267e-06,
    "S": 4.542501485233614e-05
  },
  "small-Gauss N(0,.3)": {
    "Ecos": 0.9559974818331,
    "valid": true,
    "T": 0.05027651982435456,
    "D": 0.0010015753614046237,
    "S": 0.007096176682780992
  },
  "calc_a U[-.4pi,.4pi]": {
    "Ecos": 0.756826728640657,
    "valid": true,
    "T": 0.13836913790600588,
    "D": 0.009278409214069446,
    "S": 0.035830789610193224
  },
  "shifted N(pi/4,.3)": {
    "Ecos": 0.6759923022014483,
    "valid": true,
    "T": 0.03959976631470235,
    "D": 0.009233702053703989,
    "S": 0.019122040778804576
  },
  "BP U[-pi,pi]": {
    "Ecos": 0.0,
    "valid": false,
    "T": 0.16621776282495795,
    "D": 0.010493666624339919,
    "S": 0.041764025070971184
  }
}