{
  "identity N(0,.05)": {
    "Ecos": 0.9987507809245809,
    "valid": true,
    "T": 0.0017452325285509504,
    "D": 1.1823249570349267e-06,
    "S": 4.542501485233614e-05,
    "test_mean": 0.7546016573905945,
    "test_std": 0.0938051892861833,
    "test_all": [
      0.6936805248260498,
      0.8593689203262329,
      0.7172917723655701,
      0.6332316398620605,
      0.8694354295730591
    ]
  },
  "small-Gauss N(0,.3)": {
    "Ecos": 0.9559974818331,
    "valid": true,
    "T": 0.05027651982435456,
    "D": 0.0010015753614046237,
    "S": 0.007096176682780992,
    "test_mean": 0.584077650308609,
    "test_std": 0.11828082825685673,
    "test_all": [
      0.6495615243911743,
      0.604062020778656,
      0.3920482099056244,
      0.743921160697937,
      0.5307953357696533
    ]
  },
  "calc_a U[-.4pi,.4pi]": {
    "Ecos": 0.756826728640657,
    "valid": true,
    "T": 0.13836913790600588,
    "D": 0.009278409214069446,
    "S": 0.035830789610193224,
    "test_mean": 0.2719770044088364,
    "test_std": 0.03335168926229651,
    "test_all": [
      0.2290406972169876,
      0.25714290142059326,
      0.3225865960121155,
      0.2969013750553131,
      0.25421345233917236
    ]
  },
  "shifted N(pi/4,.3)": {
    "Ecos": 0.6759923022014483,
    "valid": true,
    "T": 0.03959976631470235,
    "D": 0.009233702053703989,
    "S": 0.019122040778804576,
    "test_mean": 0.2705808043479919,
    "test_std": 0.015881575998888797,
    "test_all": [
      0.29014548659324646,
      0.2651936411857605,
      0.24658635258674622,
      0.2861053943634033,
      0.2648731470108032
    ]
  },
  "BP U[-pi,pi]": {
    "Ecos": 0.0,
    "valid": false,
    "T": 0.16621776282495795,
    "D": 0.010493666624339919,
    "S": 0.041764025070971184,
    "test_mean": 0.2601566642522812,
    "test_std": 0.009702326854086911,
    "test_all": [
      0.25554946064949036,
      0.2655367851257324,
      0.24448718130588531,
      0.27326256036758423,
      0.2619473338127136
    ]
  }
}