{
  "identity N(0,.05)": {
    "Ecos": 0.9987507809245809,
    "valid": true,
    "T": 0.0017537185790065762,
    "D": 1.614996442326581e-06,
    "S": 5.321888072796766e-05,
    "test_mean": 0.8840399742126465,
    "test_std": 0.07963481580732361,
    "test_all": [
      0.844077467918396,
      1.003549337387085,
      0.8041579127311707,
      0.9529383182525635,
      0.8154768347740173
    ]
  },
  "small-Gauss N(0,.3)": {
    "Ecos": 0.9559974818331,
    "valid": true,
    "T": 0.05061358624307153,
    "D": 0.0013629843365682366,
    "S": 0.008305752540670355,
    "test_mean": 0.782856798171997,
    "test_std": 0.04939237524585112,
    "test_all": [
      0.8277741074562073,
      0.8491783142089844,
      0.714162290096283,
      0.7704722881317139,
      0.7526969909667969
    ]
  },
  "calc_a U[-.4pi,.4pi]": {
    "Ecos": 0.756826728640657,
    "valid": true,
    "T": 0.1370902624692129,
    "D": 0.012268023102660664,
    "S": 0.041010078116508364,
    "test_mean": 0.5597731232643127,
    "test_std": 0.03581049356422531,
    "test_all": [
      0.6007857918739319,
      0.5045249462127686,
      0.5916498899459839,
      0.535049319267273,
      0.5668556690216064
    ]
  },
  "shifted N(pi/4,.3)": {
    "Ecos": 0.6759923022014483,
    "valid": true,
    "T": 0.04281579962659107,
    "D": 0.014585496413443859,
    "S": 0.024989791753681642,
    "test_mean": 0.5788751721382142,
    "test_std": 0.018474526582071424,
    "test_all": [
      0.573594868183136,
      0.5736364126205444,
      0.6151573657989502,
      0.5672075748443604,
      0.5647796392440796
    ]
  },
  "BP U[-pi,pi]": {
    "Ecos": 0.0,
    "valid": false,
    "T": 0.15565008255014784,
    "D": 0.014871708515177792,
    "S": 0.048112188248396685,
    "test_mean": 0.5617252588272095,
    "test_std": 0.04668623832564481,
    "test_all": [
      0.5563811659812927,
      0.6417385935783386,
      0.5301777720451355,
      0.5045108795166016,
      0.575817883014679
    ]
  }
}