{
  "identity N(0,.05)": {
    "Ecos": 0.9987507809245809,
    "valid": true,
    "T": 0.0017537185790065762,
    "D": 1.614996442326581e-06,
    "S": 5.321888072796766e-05,
    "test_mean": 0.886708390712738,
    "test_std": 0.08029787670070176,
    "test_all": [
      0.8462300896644592,
      1.0068014860153198,
      0.8066396713256836,
      0.9568166732788086,
      0.817054033279419
    ]
  },
  "small-Gauss N(0,.3)": {
    "Ecos": 0.9559974818331,
    "valid": true,
    "T": 0.05061358624307153,
    "D": 0.0013629843365682366,
    "S": 0.008305752540670355,
    "test_mean": 0.7823095202445984,
    "test_std": 0.052779096505042,
    "test_all": [
      0.8311755061149597,
      0.8559739589691162,
      0.7144945859909058,
      0.7579578757286072,
      0.7519456744194031
    ]
  },
  "calc_a U[-.4pi,.4pi]": {
    "Ecos": 0.756826728640657,
    "valid": true,
    "T": 0.1370902624692129,
    "D": 0.012268023102660664,
    "S": 0.041010078116508364,
    "test_mean": 0.5572715163230896,
    "test_std": 0.036201442971181476,
    "test_all": [
      0.6031540036201477,
      0.5048913359642029,
      0.5865668654441833,
      0.5287590622901917,
      0.5629863142967224
    ]
  },
  "shifted N(pi/4,.3)": {
    "Ecos": 0.6759923022014483,
    "valid": true,
    "T": 0.04281579962659107,
    "D": 0.014585496413443859,
    "S": 0.024989791753681642,
    "test_mean": 0.6048726797103882,
    "test_std": 0.03053294016753199,
    "test_all": [
      0.5731799006462097,
      0.5735587477684021,
      0.6558883786201477,
      0.6118205189704895,
      0.6099158525466919
    ]
  },
  "BP U[-pi,pi]": {
    "Ecos": 0.0,
    "valid": false,
    "T": 0.15565008255014784,
    "D": 0.014871708515177792,
    "S": 0.048112188248396685,
    "test_mean": 0.570393443107605,
    "test_std": 0.025121278805002693,
    "test_all": [
      0.553261935710907,
      0.5956484079360962,
      0.5308704972267151,
      0.5952873229980469,
      0.5768990516662598
    ]
  }
}